{"perfmatters_options":{"disable_rest_api":"","disable_google_maps_exclusions":"","disable_heartbeat":"","heartbeat_frequency":"","limit_post_revisions":"","autosave_interval":"","login_url":"","login_url_behavior":"","login_url_message":"","login_url_redirect":"","assets":{"defer_js":"1","js_exclusions":"","delay_js":"1","delay_js_behavior":"all","delay_js_inclusions":"","delay_js_exclusions":"","minify_js_exclusions":"","remove_unused_css":"1","rucss_method":"","rucss_stylesheet_behavior":"","rucss_excluded_stylesheets":"","rucss_excluded_selectors":"","rucss_cdn_url":"","minify_css_exclusions":"","header_code":"","body_code":"","footer_code":""},"preload":{"critical_images":"","preload":[],"fetch_priority":[],"speculative_mode":"","speculative_eagerness":"","preconnect":[],"dns_prefetch":""},"lazyload":{"lazy_loading":"1","exclude_leading_images":"","lazy_loading_iframes":"1","youtube_preview_thumbnails":"1","lazy_loading_exclusions":"","lazy_loading_parent_exclusions":"","threshold":"","css_background_selectors":"","css_background_exclude_leading":"","element_selectors":""},"fonts":{"method":"","subsets":["latin"],"cdn_url":""},"cdn":{"cdn_url":"","cdn_directories":"","cdn_exclusions":""},"analytics":{"tracking_id":"","tracking_code_position":"","script_type":""}},"perfmatters_tools":{"database":{"optimize_schedule":""}}}